/home/yasin/Desktop/car/data/IMG3/Image_1764695659522242.jpg,0.0
/home/yasin/Desktop/car/data/IMG3/Image_1764695659696649.jpg,0.0
/home/yasin/Desktop/car/data/IMG3/Image_1764695659786077.jpg,0.0
/home/yasin/Desktop/car/data/IMG3/Image_1764695659892067.jpg,0.0
/home/yasin/Desktop/car/data/IMG3/Image_176469565999218.jpg,0.0
/home/yasin/Desktop/car/data/IMG3/Image_1764695660106694.jpg,0.0
/home/yasin/Desktop/car/data/IMG3/Image_1764695660192487.jpg,0.0
/home/yasin/Desktop/car/data/IMG3/Image_1764695660302746.jpg,0.0
/home/yasin/Desktop/car/data/IMG3/Image_1764695660401788.jpg,0.0
/home/yasin/Desktop/car/data/IMG3/Image_1764695660501159.jpg,0.0
/home/yasin/Desktop/car/data/IMG3/Image_1764695660609778.jpg,-0.208
/home/yasin/Desktop/car/data/IMG3/Image_1764695660702113.jpg,-0.208
/home/yasin/Desktop/car/data/IMG3/Image_1764695660789294.jpg,-0.208
/home/yasin/Desktop/car/data/IMG3/Image_1764695660891501.jpg,0.0
/home/yasin/Desktop/car/data/IMG3/Image_1764695660996586.jpg,0.0
/home/yasin/Desktop/car/data/IMG3/Image_1764695661110781.jpg,0.0
/home/yasin/Desktop/car/data/IMG3/Image_1764695661231231.jpg,-0.38
/home/yasin/Desktop/car/data/IMG3/Image_1764695661334922.jpg,-0.4
/home/yasin/Desktop/car/data/IMG3/Image_1764695661446748.jpg,-0.4
/home/yasin/Desktop/car/data/IMG3/Image_176469566153345.jpg,-0.396
/home/yasin/Desktop/car/data/IMG3/Image_1764695661659717.jpg,0.0
/home/yasin/Desktop/car/data/IMG3/Image_1764695661748734.jpg,0.4
/home/yasin/Desktop/car/data/IMG3/Image_176469566185656.jpg,0.4
/home/yasin/Desktop/car/data/IMG3/Image_1764695661948791.jpg,0.4
/home/yasin/Desktop/car/data/IMG3/Image_1764695662082169.jpg,0.4
/home/yasin/Desktop/car/data/IMG3/Image_1764695662183336.jpg,0.4
/home/yasin/Desktop/car/data/IMG3/Image_1764695662297468.jpg,0.4
/home/yasin/Desktop/car/data/IMG3/Image_1764695662396311.jpg,0.4
/home/yasin/Desktop/car/data/IMG3/Image_1764695662511593.jpg,0.4
/home/yasin/Desktop/car/data/IMG3/Image_176469566261994.jpg,0.0
/home/yasin/Desktop/car/data/IMG3/Image_1764695662728292.jpg,-0.239
/home/yasin/Desktop/car/data/IMG3/Image_1764695662833503.jpg,-0.4
/home/yasin/Desktop/car/data/IMG3/Image_1764695662936632.jpg,-0.4
/home/yasin/Desktop/car/data/IMG3/Image_176469566303652.jpg,-0.4
/home/yasin/Desktop/car/data/IMG3/Image_1764695663142053.jpg,-0.4
/home/yasin/Desktop/car/data/IMG3/Image_1764695663244941.jpg,-0.4
/home/yasin/Desktop/car/data/IMG3/Image_1764695663357665.jpg,0.4
/home/yasin/Desktop/car/data/IMG3/Image_1764695663453052.jpg,0.4
/home/yasin/Desktop/car/data/IMG3/Image_1764695663566859.jpg,0.4
/home/yasin/Desktop/car/data/IMG3/Image_1764695663692945.jpg,0.4
/home/yasin/Desktop/car/data/IMG3/Image_1764695663785772.jpg,0.4
/home/yasin/Desktop/car/data/IMG3/Image_1764695663890266.jpg,0.4
/home/yasin/Desktop/car/data/IMG3/Image_1764695663977243.jpg,0.4
/home/yasin/Desktop/car/data/IMG3/Image_1764695664072814.jpg,0.4
/home/yasin/Desktop/car/data/IMG3/Image_1764695664188004.jpg,0.4
/home/yasin/Desktop/car/data/IMG3/Image_1764695664267465.jpg,0.0
/home/yasin/Desktop/car/data/IMG3/Image_1764695664349312.jpg,0.0
/home/yasin/Desktop/car/data/IMG3/Image_1764695664426821.jpg,0.0
/home/yasin/Desktop/car/data/IMG3/Image_1764695664512524.jpg,0.0
/home/yasin/Desktop/car/data/IMG3/Image_1764695664595542.jpg,0.0
/home/yasin/Desktop/car/data/IMG3/Image_1764695664673333.jpg,0.0
/home/yasin/Desktop/car/data/IMG3/Image_1764695664748608.jpg,0.0
/home/yasin/Desktop/car/data/IMG3/Image_1764695664834384.jpg,0.0
/home/yasin/Desktop/car/data/IMG3/Image_1764695664920201.jpg,0.0
/home/yasin/Desktop/car/data/IMG3/Image_1764695665031676.jpg,0.0
/home/yasin/Desktop/car/data/IMG3/Image_176469566514938.jpg,0.0
/home/yasin/Desktop/car/data/IMG3/Image_1764695665235227.jpg,0.0
/home/yasin/Desktop/car/data/IMG3/Image_1764695665337232.jpg,0.0
/home/yasin/Desktop/car/data/IMG3/Image_176469566541824.jpg,0.0
/home/yasin/Desktop/car/data/IMG3/Image_1764695665514183.jpg,0.0
/home/yasin/Desktop/car/data/IMG3/Image_1764695665634741.jpg,0.0
/home/yasin/Desktop/car/data/IMG3/Image_1764695665728999.jpg,-0.4
/home/yasin/Desktop/car/data/IMG3/Image_1764695665838455.jpg,-0.4
/home/yasin/Desktop/car/data/IMG3/Image_1764695665914308.jpg,0.0
/home/yasin/Desktop/car/data/IMG3/Image_176469566599627.jpg,0.0
/home/yasin/Desktop/car/data/IMG3/Image_176469566609001.jpg,0.0
/home/yasin/Desktop/car/data/IMG3/Image_1764695666188214.jpg,0.0
/home/yasin/Desktop/car/data/IMG3/Image_1764695666271209.jpg,0.0
/home/yasin/Desktop/car/data/IMG3/Image_1764695666351757.jpg,0.0
/home/yasin/Desktop/car/data/IMG3/Image_1764695666457274.jpg,0.0
/home/yasin/Desktop/car/data/IMG3/Image_1764695666565409.jpg,0.0
/home/yasin/Desktop/car/data/IMG3/Image_1764695666652512.jpg,0.0
/home/yasin/Desktop/car/data/IMG3/Image_1764695666735831.jpg,0.0
/home/yasin/Desktop/car/data/IMG3/Image_1764695666825768.jpg,0.0
/home/yasin/Desktop/car/data/IMG3/Image_1764695666909095.jpg,0.0
/home/yasin/Desktop/car/data/IMG3/Image_1764695666988299.jpg,0.0
/home/yasin/Desktop/car/data/IMG3/Image_1764695667086288.jpg,-0.4
/home/yasin/Desktop/car/data/IMG3/Image_1764695667176598.jpg,-0.4
/home/yasin/Desktop/car/data/IMG3/Image_1764695667280724.jpg,-0.4
/home/yasin/Desktop/car/data/IMG3/Image_1764695667353938.jpg,0.0
/home/yasin/Desktop/car/data/IMG3/Image_1764695667438908.jpg,0.0
/home/yasin/Desktop/car/data/IMG3/Image_1764695667529653.jpg,0.0
/home/yasin/Desktop/car/data/IMG3/Image_1764695667614234.jpg,0.0
/home/yasin/Desktop/car/data/IMG3/Image_1764695667727498.jpg,0.4
/home/yasin/Desktop/car/data/IMG3/Image_1764695667831876.jpg,0.4
/home/yasin/Desktop/car/data/IMG3/Image_1764695667926109.jpg,0.0
/home/yasin/Desktop/car/data/IMG3/Image_1764695668017154.jpg,0.0
/home/yasin/Desktop/car/data/IMG3/Image_1764695668100553.jpg,0.0
/home/yasin/Desktop/car/data/IMG3/Image_1764695668184148.jpg,0.0
/home/yasin/Desktop/car/data/IMG3/Image_1764695668269833.jpg,0.0
/home/yasin/Desktop/car/data/IMG3/Image_176469566835413.jpg,0.0
/home/yasin/Desktop/car/data/IMG3/Image_1764695668466068.jpg,0.0
/home/yasin/Desktop/car/data/IMG3/Image_1764695668570751.jpg,0.0
/home/yasin/Desktop/car/data/IMG3/Image_176469566866504.jpg,0.0
/home/yasin/Desktop/car/data/IMG3/Image_1764695668771768.jpg,0.0
/home/yasin/Desktop/car/data/IMG3/Image_1764695668896629.jpg,0.0
/home/yasin/Desktop/car/data/IMG3/Image_1764695668981057.jpg,-0.247
/home/yasin/Desktop/car/data/IMG3/Image_1764695669083506.jpg,-0.4
/home/yasin/Desktop/car/data/IMG3/Image_1764695669176641.jpg,-0.4
/home/yasin/Desktop/car/data/IMG3/Image_1764695669270561.jpg,0.0
/home/yasin/Desktop/car/data/IMG3/Image_1764695669363738.jpg,0.247
/home/yasin/Desktop/car/data/IMG3/Image_1764695669473484.jpg,0.4
/home/yasin/Desktop/car/data/IMG3/Image_17646956695641.jpg,0.4
/home/yasin/Desktop/car/data/IMG3/Image_1764695669693145.jpg,0.4
/home/yasin/Desktop/car/data/IMG3/Image_1764695669800285.jpg,0.318
/home/yasin/Desktop/car/data/IMG3/Image_1764695669903343.jpg,0.0
/home/yasin/Desktop/car/data/IMG3/Image_1764695670013842.jpg,-0.4
/home/yasin/Desktop/car/data/IMG3/Image_1764695670115955.jpg,-0.4
/home/yasin/Desktop/car/data/IMG3/Image_1764695670218891.jpg,-0.4
/home/yasin/Desktop/car/data/IMG3/Image_1764695670304198.jpg,-0.4
/home/yasin/Desktop/car/data/IMG3/Image_1764695670424126.jpg,0.0
/home/yasin/Desktop/car/data/IMG3/Image_176469567050902.jpg,0.0
/home/yasin/Desktop/car/data/IMG3/Image_1764695678045227.jpg,0.0
/home/yasin/Desktop/car/data/IMG3/Image_1764695678131601.jpg,0.0
/home/yasin/Desktop/car/data/IMG3/Image_1764695678214144.jpg,0.0
/home/yasin/Desktop/car/data/IMG3/Image_1764695678299821.jpg,0.0
/home/yasin/Desktop/car/data/IMG3/Image_1764695678377941.jpg,0.0
/home/yasin/Desktop/car/data/IMG3/Image_1764695678458181.jpg,0.0
/home/yasin/Desktop/car/data/IMG3/Image_1764695678541723.jpg,0.0
/home/yasin/Desktop/car/data/IMG3/Image_1764695678623923.jpg,0.0
/home/yasin/Desktop/car/data/IMG3/Image_1764695678707983.jpg,0.0
/home/yasin/Desktop/car/data/IMG3/Image_1764695678785545.jpg,0.0
/home/yasin/Desktop/car/data/IMG3/Image_1764695678871862.jpg,0.0
/home/yasin/Desktop/car/data/IMG3/Image_1764695678952589.jpg,0.0
/home/yasin/Desktop/car/data/IMG3/Image_176469567903508.jpg,0.0
/home/yasin/Desktop/car/data/IMG3/Image_1764695679119224.jpg,0.0
/home/yasin/Desktop/car/data/IMG3/Image_1764695679220776.jpg,0.0
/home/yasin/Desktop/car/data/IMG3/Image_1764695679307553.jpg,0.0
/home/yasin/Desktop/car/data/IMG3/Image_176469567939932.jpg,0.0
/home/yasin/Desktop/car/data/IMG3/Image_1764695679507772.jpg,0.0
/home/yasin/Desktop/car/data/IMG3/Image_1764695679620071.jpg,0.0
/home/yasin/Desktop/car/data/IMG3/Image_1764695679734597.jpg,0.0
/home/yasin/Desktop/car/data/IMG3/Image_1764695679836963.jpg,0.0
/home/yasin/Desktop/car/data/IMG3/Image_176469567995637.jpg,0.0
/home/yasin/Desktop/car/data/IMG3/Image_1764695680068151.jpg,0.0
/home/yasin/Desktop/car/data/IMG3/Image_1764695680171325.jpg,0.0
/home/yasin/Desktop/car/data/IMG3/Image_1764695680267257.jpg,0.0
/home/yasin/Desktop/car/data/IMG3/Image_1764695680362168.jpg,0.0
/home/yasin/Desktop/car/data/IMG3/Image_1764695680469102.jpg,0.0
/home/yasin/Desktop/car/data/IMG3/Image_176469568055792.jpg,0.0
/home/yasin/Desktop/car/data/IMG3/Image_1764695680680343.jpg,0.0
/home/yasin/Desktop/car/data/IMG3/Image_1764695680793061.jpg,0.0
/home/yasin/Desktop/car/data/IMG3/Image_1764695680888528.jpg,0.0
/home/yasin/Desktop/car/data/IMG3/Image_1764695680996612.jpg,0.0
/home/yasin/Desktop/car/data/IMG3/Image_17646956811108.jpg,0.294
/home/yasin/Desktop/car/data/IMG3/Image_1764695681197772.jpg,0.4
/home/yasin/Desktop/car/data/IMG3/Image_1764695681294936.jpg,0.4
/home/yasin/Desktop/car/data/IMG3/Image_1764695681392119.jpg,0.4
/home/yasin/Desktop/car/data/IMG3/Image_1764695681499912.jpg,0.4
/home/yasin/Desktop/car/data/IMG3/Image_1764695681609988.jpg,0.4
/home/yasin/Desktop/car/data/IMG3/Image_1764695681713269.jpg,0.4
/home/yasin/Desktop/car/data/IMG3/Image_1764695681828005.jpg,0.4
/home/yasin/Desktop/car/data/IMG3/Image_1764695681920942.jpg,0.4
/home/yasin/Desktop/car/data/IMG3/Image_1764695682018186.jpg,0.4
/home/yasin/Desktop/car/data/IMG3/Image_1764695682120879.jpg,0.4
/home/yasin/Desktop/car/data/IMG3/Image_1764695682241018.jpg,0.4
/home/yasin/Desktop/car/data/IMG3/Image_1764695682332178.jpg,0.4
/home/yasin/Desktop/car/data/IMG3/Image_1764695682447336.jpg,0.4
/home/yasin/Desktop/car/data/IMG3/Image_1764695682566083.jpg,0.4
/home/yasin/Desktop/car/data/IMG3/Image_1764695682676302.jpg,0.396
/home/yasin/Desktop/car/data/IMG3/Image_176469568277398.jpg,0.0
/home/yasin/Desktop/car/data/IMG3/Image_176469568290181.jpg,0.0
/home/yasin/Desktop/car/data/IMG3/Image_1764695683030451.jpg,0.0
/home/yasin/Desktop/car/data/IMG3/Image_1764695683142416.jpg,0.0
/home/yasin/Desktop/car/data/IMG3/Image_1764695683239154.jpg,0.0
/home/yasin/Desktop/car/data/IMG3/Image_1764695683359011.jpg,0.0
/home/yasin/Desktop/car/data/IMG3/Image_1764695683467076.jpg,0.0
/home/yasin/Desktop/car/data/IMG3/Image_1764695683565357.jpg,0.0
/home/yasin/Desktop/car/data/IMG3/Image_1764695683668858.jpg,0.0
/home/yasin/Desktop/car/data/IMG3/Image_1764695683762488.jpg,0.0
/home/yasin/Desktop/car/data/IMG3/Image_1764695683884092.jpg,0.0
/home/yasin/Desktop/car/data/IMG3/Image_1764695695351856.jpg,0.0
/home/yasin/Desktop/car/data/IMG3/Image_1764695695434822.jpg,0.0
/home/yasin/Desktop/car/data/IMG3/Image_1764695695517591.jpg,0.0
/home/yasin/Desktop/car/data/IMG3/Image_1764695695606154.jpg,0.0
/home/yasin/Desktop/car/data/IMG3/Image_1764695695685057.jpg,0.0
/home/yasin/Desktop/car/data/IMG3/Image_1764695695786048.jpg,0.0
/home/yasin/Desktop/car/data/IMG3/Image_1764695695873676.jpg,0.0
/home/yasin/Desktop/car/data/IMG3/Image_1764695695970557.jpg,0.0
/home/yasin/Desktop/car/data/IMG3/Image_1764695696077201.jpg,0.0
/home/yasin/Desktop/car/data/IMG3/Image_1764695696174649.jpg,0.0
/home/yasin/Desktop/car/data/IMG3/Image_176469569626935.jpg,0.0
/home/yasin/Desktop/car/data/IMG3/Image_1764695696367846.jpg,0.0
/home/yasin/Desktop/car/data/IMG3/Image_1764695696459474.jpg,0.0
/home/yasin/Desktop/car/data/IMG3/Image_1764695696584115.jpg,0.0
/home/yasin/Desktop/car/data/IMG3/Image_1764695696710065.jpg,0.0
/home/yasin/Desktop/car/data/IMG3/Image_176469569682101.jpg,0.0
/home/yasin/Desktop/car/data/IMG3/Image_1764695696923284.jpg,0.0
/home/yasin/Desktop/car/data/IMG3/Image_1764695697019065.jpg,0.0
/home/yasin/Desktop/car/data/IMG3/Image_1764695697169346.jpg,0.0
/home/yasin/Desktop/car/data/IMG3/Image_1764695697283475.jpg,0.0
/home/yasin/Desktop/car/data/IMG3/Image_1764695697380602.jpg,0.0
/home/yasin/Desktop/car/data/IMG3/Image_1764695697487894.jpg,-0.4
/home/yasin/Desktop/car/data/IMG3/Image_1764695697613227.jpg,-0.4
/home/yasin/Desktop/car/data/IMG3/Image_1764695697723144.jpg,-0.4
/home/yasin/Desktop/car/data/IMG3/Image_1764695697837469.jpg,0.0
/home/yasin/Desktop/car/data/IMG3/Image_1764695697930003.jpg,0.278
/home/yasin/Desktop/car/data/IMG3/Image_1764695698040705.jpg,0.4
/home/yasin/Desktop/car/data/IMG3/Image_1764695698142268.jpg,0.4
/home/yasin/Desktop/car/data/IMG3/Image_1764695698249207.jpg,0.4
/home/yasin/Desktop/car/data/IMG3/Image_1764695698338463.jpg,0.4
/home/yasin/Desktop/car/data/IMG3/Image_1764695698454543.jpg,0.4
/home/yasin/Desktop/car/data/IMG3/Image_1764695698586051.jpg,0.4
/home/yasin/Desktop/car/data/IMG3/Image_1764695698707736.jpg,0.4
/home/yasin/Desktop/car/data/IMG3/Image_176469569879411.jpg,0.4
/home/yasin/Desktop/car/data/IMG3/Image_1764695698900474.jpg,0.4
/home/yasin/Desktop/car/data/IMG3/Image_1764695698995615.jpg,0.4
/home/yasin/Desktop/car/data/IMG3/Image_1764695699109708.jpg,0.4
/home/yasin/Desktop/car/data/IMG3/Image_1764695699196776.jpg,0.4
/home/yasin/Desktop/car/data/IMG3/Image_1764695699295862.jpg,0.4
/home/yasin/Desktop/car/data/IMG3/Image_1764695699394933.jpg,0.4
/home/yasin/Desktop/car/data/IMG3/Image_1764695699497622.jpg,0.4
/home/yasin/Desktop/car/data/IMG3/Image_1764695699622675.jpg,0.4
/home/yasin/Desktop/car/data/IMG3/Image_1764695699712544.jpg,0.4
/home/yasin/Desktop/car/data/IMG3/Image_1764695699817792.jpg,0.4
/home/yasin/Desktop/car/data/IMG3/Image_176469569991601.jpg,0.4
/home/yasin/Desktop/car/data/IMG3/Image_1764695700017175.jpg,0.0
/home/yasin/Desktop/car/data/IMG3/Image_1764695700113113.jpg,0.0
/home/yasin/Desktop/car/data/IMG3/Image_176469570021242.jpg,0.0
/home/yasin/Desktop/car/data/IMG3/Image_1764695700313178.jpg,0.0
/home/yasin/Desktop/car/data/IMG3/Image_1764695700419523.jpg,0.0
/home/yasin/Desktop/car/data/IMG3/Image_1764695700515625.jpg,0.0
/home/yasin/Desktop/car/data/IMG3/Image_1764695700613246.jpg,0.0
/home/yasin/Desktop/car/data/IMG3/Image_1764695700701517.jpg,0.0
/home/yasin/Desktop/car/data/IMG3/Image_176469570079519.jpg,0.0
/home/yasin/Desktop/car/data/IMG3/Image_1764695700883439.jpg,0.0
/home/yasin/Desktop/car/data/IMG3/Image_1764695700988824.jpg,0.0
/home/yasin/Desktop/car/data/IMG3/Image_1764695701077732.jpg,0.0
/home/yasin/Desktop/car/data/IMG3/Image_1764695701161637.jpg,0.0
/home/yasin/Desktop/car/data/IMG3/Image_1764695711412502.jpg,0.0
/home/yasin/Desktop/car/data/IMG3/Image_1764695711485735.jpg,0.0
/home/yasin/Desktop/car/data/IMG3/Image_1764695711570148.jpg,0.0
/home/yasin/Desktop/car/data/IMG3/Image_1764695711649028.jpg,0.0
/home/yasin/Desktop/car/data/IMG3/Image_1764695711740123.jpg,0.0
/home/yasin/Desktop/car/data/IMG3/Image_1764695711824116.jpg,0.0
/home/yasin/Desktop/car/data/IMG3/Image_1764695711927892.jpg,0.0
/home/yasin/Desktop/car/data/IMG3/Image_1764695712015076.jpg,0.0
/home/yasin/Desktop/car/data/IMG3/Image_1764695712112237.jpg,0.0
/home/yasin/Desktop/car/data/IMG3/Image_1764695712206336.jpg,0.0
/home/yasin/Desktop/car/data/IMG3/Image_1764695712306466.jpg,0.0
/home/yasin/Desktop/car/data/IMG3/Image_176469571240032.jpg,0.0
/home/yasin/Desktop/car/data/IMG3/Image_1764695712525981.jpg,0.0
/home/yasin/Desktop/car/data/IMG3/Image_1764695712631388.jpg,0.0
/home/yasin/Desktop/car/data/IMG3/Image_1764695712715665.jpg,0.0
/home/yasin/Desktop/car/data/IMG3/Image_1764695712815405.jpg,0.0
/home/yasin/Desktop/car/data/IMG3/Image_1764695712905204.jpg,0.0
/home/yasin/Desktop/car/data/IMG3/Image_1764695713011624.jpg,0.0
/home/yasin/Desktop/car/data/IMG3/Image_1764695713113502.jpg,0.0
/home/yasin/Desktop/car/data/IMG3/Image_1764695713229814.jpg,0.0
/home/yasin/Desktop/car/data/IMG3/Image_1764695713343302.jpg,0.0
/home/yasin/Desktop/car/data/IMG3/Image_1764695713445004.jpg,0.0
/home/yasin/Desktop/car/data/IMG3/Image_1764695713566914.jpg,0.0
/home/yasin/Desktop/car/data/IMG3/Image_1764695713677273.jpg,0.0
/home/yasin/Desktop/car/data/IMG3/Image_1764695713821361.jpg,0.0
/home/yasin/Desktop/car/data/IMG3/Image_1764695713914956.jpg,0.0
/home/yasin/Desktop/car/data/IMG3/Image_1764695714023135.jpg,0.0
/home/yasin/Desktop/car/data/IMG3/Image_1764695714108467.jpg,0.0
/home/yasin/Desktop/car/data/IMG3/Image_1764695714212663.jpg,0.0
/home/yasin/Desktop/car/data/IMG3/Image_1764695714301916.jpg,0.0
/home/yasin/Desktop/car/data/IMG3/Image_1764695714400136.jpg,0.0
/home/yasin/Desktop/car/data/IMG3/Image_176469571448925.jpg,0.0
/home/yasin/Desktop/car/data/IMG3/Image_176469571458312.jpg,0.0
/home/yasin/Desktop/car/data/IMG3/Image_1764695714676341.jpg,0.0
/home/yasin/Desktop/car/data/IMG3/Image_1764695714774963.jpg,0.0
/home/yasin/Desktop/car/data/IMG3/Image_1764695714873456.jpg,0.4
/home/yasin/Desktop/car/data/IMG3/Image_1764695714989766.jpg,0.4
/home/yasin/Desktop/car/data/IMG3/Image_1764695715105866.jpg,0.4
/home/yasin/Desktop/car/data/IMG3/Image_1764695715205731.jpg,0.4
/home/yasin/Desktop/car/data/IMG3/Image_1764695715315132.jpg,0.4
/home/yasin/Desktop/car/data/IMG3/Image_1764695715412118.jpg,0.4
/home/yasin/Desktop/car/data/IMG3/Image_1764695715522595.jpg,0.4
/home/yasin/Desktop/car/data/IMG3/Image_1764695715608951.jpg,0.0
/home/yasin/Desktop/car/data/IMG3/Image_1764695715709102.jpg,0.0
/home/yasin/Desktop/car/data/IMG3/Image_1764695715808311.jpg,0.0
/home/yasin/Desktop/car/data/IMG3/Image_1764695715918515.jpg,0.0
/home/yasin/Desktop/car/data/IMG3/Image_1764695716012044.jpg,0.0
/home/yasin/Desktop/car/data/IMG3/Image_1764695716127609.jpg,0.0
/home/yasin/Desktop/car/data/IMG3/Image_1764695716249379.jpg,0.0
/home/yasin/Desktop/car/data/IMG3/Image_1764695716338593.jpg,0.0
/home/yasin/Desktop/car/data/IMG3/Image_1764695716443082.jpg,0.0
/home/yasin/Desktop/car/data/IMG3/Image_1764695716543136.jpg,0.0
/home/yasin/Desktop/car/data/IMG3/Image_1764695716664639.jpg,0.0
/home/yasin/Desktop/car/data/IMG3/Image_176469571677499.jpg,0.0
/home/yasin/Desktop/car/data/IMG3/Image_1764695716869476.jpg,0.0
/home/yasin/Desktop/car/data/IMG3/Image_1764695716985106.jpg,0.0
/home/yasin/Desktop/car/data/IMG3/Image_1764695717072519.jpg,0.0
/home/yasin/Desktop/car/data/IMG3/Image_1764695717184873.jpg,0.0
/home/yasin/Desktop/car/data/IMG3/Image_1764695717296644.jpg,0.0
/home/yasin/Desktop/car/data/IMG3/Image_1764695726320768.jpg,0.0
/home/yasin/Desktop/car/data/IMG3/Image_1764695726406143.jpg,0.0
/home/yasin/Desktop/car/data/IMG3/Image_1764695726489633.jpg,0.0
/home/yasin/Desktop/car/data/IMG3/Image_1764695726564474.jpg,0.0
/home/yasin/Desktop/car/data/IMG3/Image_1764695726648423.jpg,0.0
/home/yasin/Desktop/car/data/IMG3/Image_176469572673326.jpg,0.0
/home/yasin/Desktop/car/data/IMG3/Image_176469572682875.jpg,0.0
/home/yasin/Desktop/car/data/IMG3/Image_1764695726930323.jpg,0.0
/home/yasin/Desktop/car/data/IMG3/Image_1764695727020817.jpg,0.0
/home/yasin/Desktop/car/data/IMG3/Image_1764695727137106.jpg,0.0
/home/yasin/Desktop/car/data/IMG3/Image_1764695727223098.jpg,0.0
/home/yasin/Desktop/car/data/IMG3/Image_1764695727323077.jpg,0.0
/home/yasin/Desktop/car/data/IMG3/Image_1764695727416049.jpg,0.0
/home/yasin/Desktop/car/data/IMG3/Image_1764695727531535.jpg,0.0
/home/yasin/Desktop/car/data/IMG3/Image_1764695727621872.jpg,0.0
/home/yasin/Desktop/car/data/IMG3/Image_1764695727723075.jpg,0.0
/home/yasin/Desktop/car/data/IMG3/Image_1764695727817867.jpg,0.0
/home/yasin/Desktop/car/data/IMG3/Image_1764695727912972.jpg,0.0
/home/yasin/Desktop/car/data/IMG3/Image_1764695727998906.jpg,0.0
/home/yasin/Desktop/car/data/IMG3/Image_1764695728112751.jpg,0.0
/home/yasin/Desktop/car/data/IMG3/Image_1764695728198957.jpg,0.0
/home/yasin/Desktop/car/data/IMG3/Image_1764695728299266.jpg,0.0
/home/yasin/Desktop/car/data/IMG3/Image_1764695728389682.jpg,0.0
/home/yasin/Desktop/car/data/IMG3/Image_1764695728505063.jpg,0.0
/home/yasin/Desktop/car/data/IMG3/Image_1764695728635244.jpg,0.0
/home/yasin/Desktop/car/data/IMG3/Image_1764695728731178.jpg,0.0
/home/yasin/Desktop/car/data/IMG3/Image_1764695728847366.jpg,0.0
/home/yasin/Desktop/car/data/IMG3/Image_1764695728933581.jpg,0.0
/home/yasin/Desktop/car/data/IMG3/Image_1764695729035763.jpg,0.0
/home/yasin/Desktop/car/data/IMG3/Image_1764695729123275.jpg,0.0
/home/yasin/Desktop/car/data/IMG3/Image_1764695729233399.jpg,0.0
/home/yasin/Desktop/car/data/IMG3/Image_1764695729325141.jpg,0.0
/home/yasin/Desktop/car/data/IMG3/Image_1764695729426347.jpg,0.0
/home/yasin/Desktop/car/data/IMG3/Image_1764695729524119.jpg,0.0
/home/yasin/Desktop/car/data/IMG3/Image_1764695729652431.jpg,0.4
/home/yasin/Desktop/car/data/IMG3/Image_1764695729765345.jpg,0.4
/home/yasin/Desktop/car/data/IMG3/Image_1764695729856734.jpg,0.4
/home/yasin/Desktop/car/data/IMG3/Image_1764695729963879.jpg,0.4
/home/yasin/Desktop/car/data/IMG3/Image_1764695730063803.jpg,0.4
/home/yasin/Desktop/car/data/IMG3/Image_1764695730172384.jpg,0.4
/home/yasin/Desktop/car/data/IMG3/Image_1764695730280409.jpg,0.4
/home/yasin/Desktop/car/data/IMG3/Image_176469573037789.jpg,0.0
/home/yasin/Desktop/car/data/IMG3/Image_1764695730464744.jpg,0.0
/home/yasin/Desktop/car/data/IMG3/Image_1764695730596905.jpg,0.0
/home/yasin/Desktop/car/data/IMG3/Image_176469573069186.jpg,0.0
/home/yasin/Desktop/car/data/IMG3/Image_1764695730800592.jpg,0.0
/home/yasin/Desktop/car/data/IMG3/Image_1764695730916098.jpg,0.0
/home/yasin/Desktop/car/data/IMG3/Image_1764695731018382.jpg,0.0
/home/yasin/Desktop/car/data/IMG3/Image_1764695731118651.jpg,0.0
/home/yasin/Desktop/car/data/IMG3/Image_1764695731210181.jpg,0.0
/home/yasin/Desktop/car/data/IMG3/Image_1764695731292999.jpg,0.0
/home/yasin/Desktop/car/data/IMG3/Image_176469573138463.jpg,0.0
/home/yasin/Desktop/car/data/IMG3/Image_1764695731474458.jpg,0.0
/home/yasin/Desktop/car/data/IMG3/Image_1764695731577787.jpg,0.0
/home/yasin/Desktop/car/data/IMG3/Image_1764695731676186.jpg,0.4
/home/yasin/Desktop/car/data/IMG3/Image_1764695731774175.jpg,0.4
/home/yasin/Desktop/car/data/IMG3/Image_1764695731878563.jpg,0.4
/home/yasin/Desktop/car/data/IMG3/Image_1764695742443406.jpg,0.0
/home/yasin/Desktop/car/data/IMG3/Image_1764695742528176.jpg,0.0
/home/yasin/Desktop/car/data/IMG3/Image_1764695742612769.jpg,0.0
/home/yasin/Desktop/car/data/IMG3/Image_176469574270654.jpg,0.0
/home/yasin/Desktop/car/data/IMG3/Image_1764695742788124.jpg,0.0
/home/yasin/Desktop/car/data/IMG3/Image_1764695742868785.jpg,0.0
/home/yasin/Desktop/car/data/IMG3/Image_1764695742942295.jpg,0.0
/home/yasin/Desktop/car/data/IMG3/Image_1764695743040438.jpg,0.0
/home/yasin/Desktop/car/data/IMG3/Image_1764695743128086.jpg,0.0
/home/yasin/Desktop/car/data/IMG3/Image_1764695743262642.jpg,0.0
/home/yasin/Desktop/car/data/IMG3/Image_1764695743361795.jpg,0.0
/home/yasin/Desktop/car/data/IMG3/Image_1764695743485479.jpg,0.0
/home/yasin/Desktop/car/data/IMG3/Image_1764695743594899.jpg,0.0
/home/yasin/Desktop/car/data/IMG3/Image_1764695743692505.jpg,0.0
/home/yasin/Desktop/car/data/IMG3/Image_17646957438162.jpg,0.0
/home/yasin/Desktop/car/data/IMG3/Image_1764695743919242.jpg,0.0
/home/yasin/Desktop/car/data/IMG3/Image_1764695744049642.jpg,0.0
/home/yasin/Desktop/car/data/IMG3/Image_1764695744153409.jpg,0.0
/home/yasin/Desktop/car/data/IMG3/Image_1764695744300206.jpg,0.0
/home/yasin/Desktop/car/data/IMG3/Image_1764695744416616.jpg,0.0
/home/yasin/Desktop/car/data/IMG3/Image_1764695744536886.jpg,0.0
/home/yasin/Desktop/car/data/IMG3/Image_1764695744636772.jpg,0.0
/home/yasin/Desktop/car/data/IMG3/Image_1764695744766367.jpg,0.0
/home/yasin/Desktop/car/data/IMG3/Image_1764695744870951.jpg,0.0
/home/yasin/Desktop/car/data/IMG3/Image_1764695744961529.jpg,0.0
/home/yasin/Desktop/car/data/IMG3/Image_1764695745127828.jpg,0.0
/home/yasin/Desktop/car/data/IMG3/Image_1764695745230539.jpg,0.0
/home/yasin/Desktop/car/data/IMG3/Image_1764695745337648.jpg,-0.224
/home/yasin/Desktop/car/data/IMG3/Image_1764695745432414.jpg,-0.4
/home/yasin/Desktop/car/data/IMG3/Image_1764695745573662.jpg,-0.4
/home/yasin/Desktop/car/data/IMG3/Image_1764695745691822.jpg,-0.373
/home/yasin/Desktop/car/data/IMG3/Image_1764695745802015.jpg,0.0
/home/yasin/Desktop/car/data/IMG3/Image_1764695745933964.jpg,0.0
/home/yasin/Desktop/car/data/IMG3/Image_1764695746047709.jpg,0.4
/home/yasin/Desktop/car/data/IMG3/Image_1764695746153799.jpg,0.4
/home/yasin/Desktop/car/data/IMG3/Image_1764695746264137.jpg,0.4
/home/yasin/Desktop/car/data/IMG3/Image_17646957463669.jpg,0.4
/home/yasin/Desktop/car/data/IMG3/Image_176469574647429.jpg,0.4
/home/yasin/Desktop/car/data/IMG3/Image_1764695746621498.jpg,0.4
/home/yasin/Desktop/car/data/IMG3/Image_1764695746768021.jpg,0.4
/home/yasin/Desktop/car/data/IMG3/Image_1764695746862165.jpg,0.4
/home/yasin/Desktop/car/data/IMG3/Image_1764695746970113.jpg,0.4
/home/yasin/Desktop/car/data/IMG3/Image_1764695747093886.jpg,0.4
/home/yasin/Desktop/car/data/IMG3/Image_1764695747198369.jpg,0.4
/home/yasin/Desktop/car/data/IMG3/Image_1764695747328715.jpg,0.4
/home/yasin/Desktop/car/data/IMG3/Image_1764695747435569.jpg,0.4
/home/yasin/Desktop/car/data/IMG3/Image_1764695747575732.jpg,0.4
/home/yasin/Desktop/car/data/IMG3/Image_1764695747688979.jpg,0.4
/home/yasin/Desktop/car/data/IMG3/Image_1764695747791384.jpg,0.4
/home/yasin/Desktop/car/data/IMG3/Image_1764695747919276.jpg,0.4
/home/yasin/Desktop/car/data/IMG3/Image_1764695748035605.jpg,0.4
/home/yasin/Desktop/car/data/IMG3/Image_176469574816219.jpg,0.0
/home/yasin/Desktop/car/data/IMG3/Image_1764695748297286.jpg,-0.4
/home/yasin/Desktop/car/data/IMG3/Image_1764695748406044.jpg,-0.4
/home/yasin/Desktop/car/data/IMG3/Image_176469574851152.jpg,-0.4
/home/yasin/Desktop/car/data/IMG3/Image_1764695748631775.jpg,-0.4
/home/yasin/Desktop/car/data/IMG3/Image_1764695748715031.jpg,0.0
/home/yasin/Desktop/car/data/IMG3/Image_176469574881071.jpg,0.0
/home/yasin/Desktop/car/data/IMG3/Image_1764695748905897.jpg,0.0
/home/yasin/Desktop/car/data/IMG3/Image_1764695748985052.jpg,0.0
/home/yasin/Desktop/car/data/IMG3/Image_1764695749073707.jpg,0.0
/home/yasin/Desktop/car/data/IMG3/Image_1764695749164403.jpg,0.0
/home/yasin/Desktop/car/data/IMG3/Image_1764695759627867.jpg,0.0
/home/yasin/Desktop/car/data/IMG3/Image_1764695759724239.jpg,0.0
/home/yasin/Desktop/car/data/IMG3/Image_1764695759805978.jpg,0.0
/home/yasin/Desktop/car/data/IMG3/Image_1764695759900101.jpg,0.0
/home/yasin/Desktop/car/data/IMG3/Image_1764695759986954.jpg,0.0
/home/yasin/Desktop/car/data/IMG3/Image_1764695760076041.jpg,0.0
/home/yasin/Desktop/car/data/IMG3/Image_1764695760169446.jpg,0.0
/home/yasin/Desktop/car/data/IMG3/Image_1764695760261517.jpg,0.0
/home/yasin/Desktop/car/data/IMG3/Image_1764695760351659.jpg,0.0
/home/yasin/Desktop/car/data/IMG3/Image_1764695760449599.jpg,0.0
/home/yasin/Desktop/car/data/IMG3/Image_1764695760541496.jpg,0.0
/home/yasin/Desktop/car/data/IMG3/Image_1764695760625004.jpg,0.0
/home/yasin/Desktop/car/data/IMG3/Image_176469576070418.jpg,0.0
/home/yasin/Desktop/car/data/IMG3/Image_1764695760819504.jpg,0.0
/home/yasin/Desktop/car/data/IMG3/Image_1764695760974006.jpg,0.0
/home/yasin/Desktop/car/data/IMG3/Image_1764695761074102.jpg,0.0
/home/yasin/Desktop/car/data/IMG3/Image_1764695761198089.jpg,0.0
/home/yasin/Desktop/car/data/IMG3/Image_1764695761311006.jpg,0.0
/home/yasin/Desktop/car/data/IMG3/Image_1764695761413381.jpg,0.0
/home/yasin/Desktop/car/data/IMG3/Image_1764695761537265.jpg,0.0
/home/yasin/Desktop/car/data/IMG3/Image_1764695761648298.jpg,0.0
/home/yasin/Desktop/car/data/IMG3/Image_1764695761774561.jpg,0.0
/home/yasin/Desktop/car/data/IMG3/Image_1764695761886738.jpg,0.0
/home/yasin/Desktop/car/data/IMG3/Image_1764695762015722.jpg,0.0
/home/yasin/Desktop/car/data/IMG3/Image_1764695762120984.jpg,0.0
/home/yasin/Desktop/car/data/IMG3/Image_1764695762234914.jpg,0.0
/home/yasin/Desktop/car/data/IMG3/Image_1764695762333224.jpg,0.0
/home/yasin/Desktop/car/data/IMG3/Image_1764695762450182.jpg,0.0
/home/yasin/Desktop/car/data/IMG3/Image_1764695762536569.jpg,0.0
/home/yasin/Desktop/car/data/IMG3/Image_1764695762665982.jpg,0.0
/home/yasin/Desktop/car/data/IMG3/Image_1764695762769319.jpg,0.0
/home/yasin/Desktop/car/data/IMG3/Image_1764695762887326.jpg,0.0
/home/yasin/Desktop/car/data/IMG3/Image_1764695762987388.jpg,0.0
/home/yasin/Desktop/car/data/IMG3/Image_1764695763105152.jpg,-0.239
/home/yasin/Desktop/car/data/IMG3/Image_1764695763207989.jpg,-0.349
/home/yasin/Desktop/car/data/IMG3/Image_1764695763313888.jpg,-0.4
/home/yasin/Desktop/car/data/IMG3/Image_1764695763436577.jpg,-0.4
/home/yasin/Desktop/car/data/IMG3/Image_1764695763550841.jpg,-0.247
/home/yasin/Desktop/car/data/IMG3/Image_1764695763666695.jpg,0.0
/home/yasin/Desktop/car/data/IMG3/Image_1764695763777992.jpg,0.0
/home/yasin/Desktop/car/data/IMG3/Image_1764695763927392.jpg,0.0
/home/yasin/Desktop/car/data/IMG3/Image_1764695764040638.jpg,0.0
/home/yasin/Desktop/car/data/IMG3/Image_1764695764140362.jpg,0.0
/home/yasin/Desktop/car/data/IMG3/Image_1764695764277375.jpg,0.0
/home/yasin/Desktop/car/data/IMG3/Image_1764695764383284.jpg,0.0
/home/yasin/Desktop/car/data/IMG3/Image_1764695764493093.jpg,0.4
/home/yasin/Desktop/car/data/IMG3/Image_1764695764608793.jpg,0.4
/home/yasin/Desktop/car/data/IMG3/Image_1764695764729745.jpg,0.4
/home/yasin/Desktop/car/data/IMG3/Image_1764695764844524.jpg,0.4
/home/yasin/Desktop/car/data/IMG3/Image_176469576495137.jpg,0.4
/home/yasin/Desktop/car/data/IMG3/Image_1764695765050944.jpg,0.4
/home/yasin/Desktop/car/data/IMG3/Image_1764695765162226.jpg,0.4
/home/yasin/Desktop/car/data/IMG3/Image_1764695765275924.jpg,0.4
/home/yasin/Desktop/car/data/IMG3/Image_1764695765374212.jpg,0.4
/home/yasin/Desktop/car/data/IMG3/Image_1764695765502662.jpg,0.4
/home/yasin/Desktop/car/data/IMG3/Image_1764695765600312.jpg,0.4
/home/yasin/Desktop/car/data/IMG3/Image_1764695765729345.jpg,0.4
/home/yasin/Desktop/car/data/IMG3/Image_1764695765848823.jpg,0.4
/home/yasin/Desktop/car/data/IMG3/Image_1764695765956366.jpg,0.4
/home/yasin/Desktop/car/data/IMG3/Image_1764695766056187.jpg,0.0
/home/yasin/Desktop/car/data/IMG3/Image_1764695766157613.jpg,0.0
/home/yasin/Desktop/car/data/IMG3/Image_1764695766269259.jpg,0.0
/home/yasin/Desktop/car/data/IMG3/Image_1764695766391981.jpg,0.0
/home/yasin/Desktop/car/data/IMG3/Image_1764695766477214.jpg,0.0
/home/yasin/Desktop/car/data/IMG3/Image_1764695766571114.jpg,0.0
/home/yasin/Desktop/car/data/IMG3/Image_176469576668418.jpg,-0.4
/home/yasin/Desktop/car/data/IMG3/Image_1764695766787231.jpg,-0.4
/home/yasin/Desktop/car/data/IMG3/Image_1764695766888446.jpg,-0.4
/home/yasin/Desktop/car/data/IMG3/Image_1764695767032468.jpg,-0.4
/home/yasin/Desktop/car/data/IMG3/Image_1764695767148672.jpg,0.4
/home/yasin/Desktop/car/data/IMG3/Image_1764695767257124.jpg,0.4
/home/yasin/Desktop/car/data/IMG3/Image_1764695767349881.jpg,0.4
/home/yasin/Desktop/car/data/IMG3/Image_176469576745392.jpg,0.4
/home/yasin/Desktop/car/data/IMG3/Image_1764695767590362.jpg,0.4
/home/yasin/Desktop/car/data/IMG3/Image_1764695767723336.jpg,0.4
/home/yasin/Desktop/car/data/IMG3/Image_1764695767832617.jpg,0.0
/home/yasin/Desktop/car/data/IMG3/Image_1764695767921062.jpg,0.0
/home/yasin/Desktop/car/data/IMG3/Image_1764695768004241.jpg,0.0
/home/yasin/Desktop/car/data/IMG3/Image_1764695768088841.jpg,0.0
/home/yasin/Desktop/car/data/IMG3/Image_1764695768170474.jpg,0.0
/home/yasin/Desktop/car/data/IMG3/Image_1764695768324621.jpg,0.0
/home/yasin/Desktop/car/data/IMG3/Image_1764695768440987.jpg,0.0
/home/yasin/Desktop/car/data/IMG3/Image_1764695768565052.jpg,0.0
/home/yasin/Desktop/car/data/IMG3/Image_1764695768676819.jpg,0.0
/home/yasin/Desktop/car/data/IMG3/Image_1764695768753947.jpg,0.0
/home/yasin/Desktop/car/data/IMG3/Image_1764695768846897.jpg,0.0
/home/yasin/Desktop/car/data/IMG3/Image_1764695768927257.jpg,0.0
/home/yasin/Desktop/car/data/IMG3/Image_1764695769016167.jpg,0.0
/home/yasin/Desktop/car/data/IMG3/Image_1764695769110385.jpg,0.0
/home/yasin/Desktop/car/data/IMG3/Image_1764695826397218.jpg,0.0
/home/yasin/Desktop/car/data/IMG3/Image_1764695826483522.jpg,0.0
/home/yasin/Desktop/car/data/IMG3/Image_1764695826567556.jpg,0.0
/home/yasin/Desktop/car/data/IMG3/Image_1764695826652403.jpg,0.0
/home/yasin/Desktop/car/data/IMG3/Image_176469582674037.jpg,0.0
/home/yasin/Desktop/car/data/IMG3/Image_1764695826831183.jpg,0.0
/home/yasin/Desktop/car/data/IMG3/Image_1764695826927003.jpg,0.0
/home/yasin/Desktop/car/data/IMG3/Image_1764695827063551.jpg,0.0
/home/yasin/Desktop/car/data/IMG3/Image_1764695827186728.jpg,0.0
/home/yasin/Desktop/car/data/IMG3/Image_1764695827292942.jpg,0.0
/home/yasin/Desktop/car/data/IMG3/Image_1764695827416965.jpg,0.0
/home/yasin/Desktop/car/data/IMG3/Image_1764695827530263.jpg,-0.231
/home/yasin/Desktop/car/data/IMG3/Image_1764695827634257.jpg,0.0
/home/yasin/Desktop/car/data/IMG3/Image_1764695827767161.jpg,0.0
/home/yasin/Desktop/car/data/IMG3/Image_1764695827868298.jpg,0.0
/home/yasin/Desktop/car/data/IMG3/Image_1764695827979489.jpg,0.0
/home/yasin/Desktop/car/data/IMG3/Image_1764695828084903.jpg,0.0
/home/yasin/Desktop/car/data/IMG3/Image_1764695828182664.jpg,0.0
/home/yasin/Desktop/car/data/IMG3/Image_1764695828288505.jpg,-0.4
/home/yasin/Desktop/car/data/IMG3/Image_1764695828433119.jpg,-0.4
/home/yasin/Desktop/car/data/IMG3/Image_1764695828535033.jpg,-0.4
/home/yasin/Desktop/car/data/IMG3/Image_176469582866581.jpg,-0.4
/home/yasin/Desktop/car/data/IMG3/Image_1764695828767082.jpg,0.0
/home/yasin/Desktop/car/data/IMG3/Image_1764695828923288.jpg,0.0
/home/yasin/Desktop/car/data/IMG3/Image_1764695829019153.jpg,0.4
/home/yasin/Desktop/car/data/IMG3/Image_1764695829117208.jpg,0.4
/home/yasin/Desktop/car/data/IMG3/Image_1764695829262429.jpg,0.4
/home/yasin/Desktop/car/data/IMG3/Image_1764695829375296.jpg,0.4
/home/yasin/Desktop/car/data/IMG3/Image_1764695829504351.jpg,0.4
/home/yasin/Desktop/car/data/IMG3/Image_1764695829620142.jpg,0.4
/home/yasin/Desktop/car/data/IMG3/Image_1764695829726851.jpg,0.4
/home/yasin/Desktop/car/data/IMG3/Image_1764695829832048.jpg,0.4
/home/yasin/Desktop/car/data/IMG3/Image_1764695830000172.jpg,0.4
/home/yasin/Desktop/car/data/IMG3/Image_176469583011696.jpg,0.4
/home/yasin/Desktop/car/data/IMG3/Image_1764695830230405.jpg,0.4
/home/yasin/Desktop/car/data/IMG3/Image_1764695830375445.jpg,0.4
/home/yasin/Desktop/car/data/IMG3/Image_1764695830512826.jpg,0.4
/home/yasin/Desktop/car/data/IMG3/Image_1764695830638867.jpg,0.0
/home/yasin/Desktop/car/data/IMG3/Image_1764695830759824.jpg,0.0
/home/yasin/Desktop/car/data/IMG3/Image_1764695830895688.jpg,0.0
/home/yasin/Desktop/car/data/IMG3/Image_1764695831003974.jpg,0.0
/home/yasin/Desktop/car/data/IMG3/Image_176469583114598.jpg,0.0
/home/yasin/Desktop/car/data/IMG3/Image_1764695831295795.jpg,0.0
/home/yasin/Desktop/car/data/IMG3/Image_1764695831403884.jpg,0.0
/home/yasin/Desktop/car/data/IMG3/Image_1764695831509766.jpg,0.0
/home/yasin/Desktop/car/data/IMG3/Image_1764695831629774.jpg,0.0
/home/yasin/Desktop/car/data/IMG3/Image_1764695831721363.jpg,0.0
/home/yasin/Desktop/car/data/IMG3/Image_1764695831846203.jpg,0.0
/home/yasin/Desktop/car/data/IMG3/Image_1764695831962966.jpg,0.0
/home/yasin/Desktop/car/data/IMG3/Image_1764695832075677.jpg,0.0
/home/yasin/Desktop/car/data/IMG3/Image_1764695832216948.jpg,0.0
/home/yasin/Desktop/car/data/IMG3/Image_1764695832345521.jpg,0.0
/home/yasin/Desktop/car/data/IMG3/Image_1764695832469109.jpg,0.0
/home/yasin/Desktop/car/data/IMG3/Image_1764695832572133.jpg,0.0
/home/yasin/Desktop/car/data/IMG3/Image_1764695832664391.jpg,0.0
/home/yasin/Desktop/car/data/IMG3/Image_1764695832782065.jpg,0.0
/home/yasin/Desktop/car/data/IMG3/Image_1764695832881245.jpg,0.0
/home/yasin/Desktop/car/data/IMG3/Image_1764695832955069.jpg,0.0
/home/yasin/Desktop/car/data/IMG3/Image_1764695833045192.jpg,0.0
/home/yasin/Desktop/car/data/IMG3/Image_1764695833132246.jpg,0.0
/home/yasin/Desktop/car/data/IMG3/Image_1764695843369196.jpg,0.0
/home/yasin/Desktop/car/data/IMG3/Image_1764695843462071.jpg,0.0
/home/yasin/Desktop/car/data/IMG3/Image_1764695843555526.jpg,0.0
/home/yasin/Desktop/car/data/IMG3/Image_1764695843633728.jpg,0.0
/home/yasin/Desktop/car/data/IMG3/Image_1764695843780185.jpg,0.0
/home/yasin/Desktop/car/data/IMG3/Image_1764695843885611.jpg,0.0
/home/yasin/Desktop/car/data/IMG3/Image_1764695844000497.jpg,0.0
/home/yasin/Desktop/car/data/IMG3/Image_1764695844101328.jpg,0.0
/home/yasin/Desktop/car/data/IMG3/Image_1764695844200243.jpg,0.0
/home/yasin/Desktop/car/data/IMG3/Image_1764695844306221.jpg,0.0
/home/yasin/Desktop/car/data/IMG3/Image_1764695844413429.jpg,0.0
/home/yasin/Desktop/car/data/IMG3/Image_1764695844521015.jpg,0.0
/home/yasin/Desktop/car/data/IMG3/Image_1764695844626084.jpg,0.0
/home/yasin/Desktop/car/data/IMG3/Image_1764695844721468.jpg,0.0
/home/yasin/Desktop/car/data/IMG3/Image_1764695844889009.jpg,0.0
/home/yasin/Desktop/car/data/IMG3/Image_1764695845004087.jpg,0.0
/home/yasin/Desktop/car/data/IMG3/Image_1764695845109299.jpg,0.0
/home/yasin/Desktop/car/data/IMG3/Image_176469584526039.jpg,0.0
/home/yasin/Desktop/car/data/IMG3/Image_1764695845366905.jpg,0.0
/home/yasin/Desktop/car/data/IMG3/Image_176469584549626.jpg,0.0
/home/yasin/Desktop/car/data/IMG3/Image_1764695845621196.jpg,0.0
/home/yasin/Desktop/car/data/IMG3/Image_176469584577274.jpg,0.0
/home/yasin/Desktop/car/data/IMG3/Image_1764695845938336.jpg,0.0
/home/yasin/Desktop/car/data/IMG3/Image_1764695846105732.jpg,0.0
/home/yasin/Desktop/car/data/IMG3/Image_1764695846224208.jpg,0.4
/home/yasin/Desktop/car/data/IMG3/Image_1764695846346044.jpg,0.4
/home/yasin/Desktop/car/data/IMG3/Image_176469584643166.jpg,0.4
/home/yasin/Desktop/car/data/IMG3/Image_176469584659243.jpg,0.4
/home/yasin/Desktop/car/data/IMG3/Image_1764695846750059.jpg,0.4
/home/yasin/Desktop/car/data/IMG3/Image_1764695846850136.jpg,0.4
/home/yasin/Desktop/car/data/IMG3/Image_1764695846961706.jpg,0.4
/home/yasin/Desktop/car/data/IMG3/Image_1764695847062689.jpg,0.4
/home/yasin/Desktop/car/data/IMG3/Image_1764695847178335.jpg,0.4
/home/yasin/Desktop/car/data/IMG3/Image_1764695847291577.jpg,0.4
/home/yasin/Desktop/car/data/IMG3/Image_176469584741181.jpg,0.4
/home/yasin/Desktop/car/data/IMG3/Image_1764695847531686.jpg,0.4
/home/yasin/Desktop/car/data/IMG3/Image_1764695847643613.jpg,0.4
/home/yasin/Desktop/car/data/IMG3/Image_1764695847818684.jpg,0.4
/home/yasin/Desktop/car/data/IMG3/Image_1764695847927026.jpg,0.4
/home/yasin/Desktop/car/data/IMG3/Image_1764695848029889.jpg,0.4
/home/yasin/Desktop/car/data/IMG3/Image_1764695848152863.jpg,0.4
/home/yasin/Desktop/car/data/IMG3/Image_1764695848229503.jpg,0.0
/home/yasin/Desktop/car/data/IMG3/Image_1764695848315417.jpg,0.0
/home/yasin/Desktop/car/data/IMG3/Image_1764695848413643.jpg,0.0
/home/yasin/Desktop/car/data/IMG3/Image_1764695848494498.jpg,0.0
/home/yasin/Desktop/car/data/IMG3/Image_1764695864439568.jpg,0.0
/home/yasin/Desktop/car/data/IMG3/Image_1764695864532478.jpg,0.0
/home/yasin/Desktop/car/data/IMG3/Image_1764695864619549.jpg,0.0
/home/yasin/Desktop/car/data/IMG3/Image_1764695864739975.jpg,0.0
/home/yasin/Desktop/car/data/IMG3/Image_176469586482207.jpg,0.0
/home/yasin/Desktop/car/data/IMG3/Image_1764695864906437.jpg,0.0
/home/yasin/Desktop/car/data/IMG3/Image_1764695864994416.jpg,0.0
/home/yasin/Desktop/car/data/IMG3/Image_1764695865074606.jpg,0.0
/home/yasin/Desktop/car/data/IMG3/Image_1764695865179479.jpg,0.0
/home/yasin/Desktop/car/data/IMG3/Image_1764695865272122.jpg,0.0
/home/yasin/Desktop/car/data/IMG3/Image_1764695865366035.jpg,0.0
/home/yasin/Desktop/car/data/IMG3/Image_1764695865446506.jpg,0.0
/home/yasin/Desktop/car/data/IMG3/Image_1764695865539423.jpg,0.0
/home/yasin/Desktop/car/data/IMG3/Image_1764695865628974.jpg,0.0
/home/yasin/Desktop/car/data/IMG3/Image_176469586572853.jpg,0.0
/home/yasin/Desktop/car/data/IMG3/Image_1764695865821814.jpg,0.0
/home/yasin/Desktop/car/data/IMG3/Image_1764695865915548.jpg,0.0
/home/yasin/Desktop/car/data/IMG3/Image_1764695866036495.jpg,0.0
/home/yasin/Desktop/car/data/IMG3/Image_1764695866144424.jpg,0.0
/home/yasin/Desktop/car/data/IMG3/Image_1764695866261172.jpg,0.0
/home/yasin/Desktop/car/data/IMG3/Image_1764695866359623.jpg,0.0
/home/yasin/Desktop/car/data/IMG3/Image_176469586646419.jpg,0.0
/home/yasin/Desktop/car/data/IMG3/Image_1764695866622352.jpg,0.0
/home/yasin/Desktop/car/data/IMG3/Image_1764695866729284.jpg,0.0
/home/yasin/Desktop/car/data/IMG3/Image_1764695866859641.jpg,0.0
/home/yasin/Desktop/car/data/IMG3/Image_1764695866951873.jpg,0.0
/home/yasin/Desktop/car/data/IMG3/Image_1764695867051462.jpg,0.0
/home/yasin/Desktop/car/data/IMG3/Image_1764695867150878.jpg,-0.239
/home/yasin/Desktop/car/data/IMG3/Image_1764695867280109.jpg,-0.333
/home/yasin/Desktop/car/data/IMG3/Image_1764695867392314.jpg,-0.4
/home/yasin/Desktop/car/data/IMG3/Image_1764695867496995.jpg,-0.4
/home/yasin/Desktop/car/data/IMG3/Image_1764695867664334.jpg,0.0
/home/yasin/Desktop/car/data/IMG3/Image_1764695867785405.jpg,0.4
/home/yasin/Desktop/car/data/IMG3/Image_1764695867909489.jpg,0.4
/home/yasin/Desktop/car/data/IMG3/Image_1764695868045348.jpg,0.4
/home/yasin/Desktop/car/data/IMG3/Image_1764695868159649.jpg,0.0
/home/yasin/Desktop/car/data/IMG3/Image_1764695868261665.jpg,-0.4
/home/yasin/Desktop/car/data/IMG3/Image_1764695868391698.jpg,-0.4
/home/yasin/Desktop/car/data/IMG3/Image_1764695868483551.jpg,-0.4
/home/yasin/Desktop/car/data/IMG3/Image_1764695868601275.jpg,-0.4
/home/yasin/Desktop/car/data/IMG3/Image_1764695868733466.jpg,0.0
/home/yasin/Desktop/car/data/IMG3/Image_176469586886946.jpg,0.4
/home/yasin/Desktop/car/data/IMG3/Image_1764695868983247.jpg,0.4
/home/yasin/Desktop/car/data/IMG3/Image_1764695869083486.jpg,0.4
/home/yasin/Desktop/car/data/IMG3/Image_1764695869228008.jpg,0.4
/home/yasin/Desktop/car/data/IMG3/Image_1764695869315065.jpg,0.4
/home/yasin/Desktop/car/data/IMG3/Image_1764695869421615.jpg,0.4
/home/yasin/Desktop/car/data/IMG3/Image_176469586953401.jpg,0.4
/home/yasin/Desktop/car/data/IMG3/Image_1764695869637995.jpg,0.4
/home/yasin/Desktop/car/data/IMG3/Image_1764695869758288.jpg,0.4
/home/yasin/Desktop/car/data/IMG3/Image_1764695869920833.jpg,0.4
/home/yasin/Desktop/car/data/IMG3/Image_176469587006502.jpg,0.0
/home/yasin/Desktop/car/data/IMG3/Image_1764695870163645.jpg,0.0
/home/yasin/Desktop/car/data/IMG3/Image_176469587029121.jpg,0.0
/home/yasin/Desktop/car/data/IMG3/Image_176469587039568.jpg,0.0
/home/yasin/Desktop/car/data/IMG3/Image_1764695870540383.jpg,0.0
/home/yasin/Desktop/car/data/IMG3/Image_1764695870639865.jpg,0.0
/home/yasin/Desktop/car/data/IMG3/Image_1764695870752227.jpg,0.0
/home/yasin/Desktop/car/data/IMG3/Image_1764695870863958.jpg,0.0
/home/yasin/Desktop/car/data/IMG3/Image_1764695870964286.jpg,0.0
/home/yasin/Desktop/car/data/IMG3/Image_1764695871080146.jpg,0.0
/home/yasin/Desktop/car/data/IMG3/Image_1764695871222891.jpg,0.0
/home/yasin/Desktop/car/data/IMG3/Image_176469587132065.jpg,0.0
/home/yasin/Desktop/car/data/IMG3/Image_1764695871456812.jpg,0.0
/home/yasin/Desktop/car/data/IMG3/Image_1764695871573414.jpg,0.0
/home/yasin/Desktop/car/data/IMG3/Image_1764695871675265.jpg,0.0
/home/yasin/Desktop/car/data/IMG3/Image_1764695871762606.jpg,0.0
/home/yasin/Desktop/car/data/IMG3/Image_1764695871845335.jpg,0.0
/home/yasin/Desktop/car/data/IMG3/Image_1764695871926243.jpg,0.0
/home/yasin/Desktop/car/data/IMG3/Image_1764695872012577.jpg,0.0
/home/yasin/Desktop/car/data/IMG3/Image_176469587959062.jpg,0.0
/home/yasin/Desktop/car/data/IMG3/Image_1764695879675187.jpg,0.0
/home/yasin/Desktop/car/data/IMG3/Image_1764695879768381.jpg,0.0
/home/yasin/Desktop/car/data/IMG3/Image_1764695879841467.jpg,0.0
/home/yasin/Desktop/car/data/IMG3/Image_1764695879929798.jpg,0.0
/home/yasin/Desktop/car/data/IMG3/Image_1764695880012324.jpg,0.0
/home/yasin/Desktop/car/data/IMG3/Image_1764695880111347.jpg,0.0
/home/yasin/Desktop/car/data/IMG3/Image_1764695880227673.jpg,0.0
/home/yasin/Desktop/car/data/IMG3/Image_1764695880341967.jpg,0.0
/home/yasin/Desktop/car/data/IMG3/Image_1764695880454357.jpg,0.0
/home/yasin/Desktop/car/data/IMG3/Image_1764695880567916.jpg,0.0
/home/yasin/Desktop/car/data/IMG3/Image_1764695880669671.jpg,0.0
/home/yasin/Desktop/car/data/IMG3/Image_1764695880768019.jpg,0.0
/home/yasin/Desktop/car/data/IMG3/Image_1764695880885556.jpg,0.0
/home/yasin/Desktop/car/data/IMG3/Image_1764695880990755.jpg,0.0
/home/yasin/Desktop/car/data/IMG3/Image_1764695881108477.jpg,0.0
/home/yasin/Desktop/car/data/IMG3/Image_1764695881255937.jpg,0.0
/home/yasin/Desktop/car/data/IMG3/Image_1764695881380414.jpg,0.0
/home/yasin/Desktop/car/data/IMG3/Image_1764695881502075.jpg,0.0
/home/yasin/Desktop/car/data/IMG3/Image_1764695881621717.jpg,0.0
/home/yasin/Desktop/car/data/IMG3/Image_176469588174778.jpg,0.0
/home/yasin/Desktop/car/data/IMG3/Image_17646958818648.jpg,0.0
/home/yasin/Desktop/car/data/IMG3/Image_1764695881975575.jpg,0.0
/home/yasin/Desktop/car/data/IMG3/Image_1764695882108388.jpg,0.0
/home/yasin/Desktop/car/data/IMG3/Image_1764695882195568.jpg,0.0
/home/yasin/Desktop/car/data/IMG3/Image_1764695882290843.jpg,0.0
/home/yasin/Desktop/car/data/IMG3/Image_1764695882407587.jpg,0.0
/home/yasin/Desktop/car/data/IMG3/Image_1764695882540863.jpg,0.38
/home/yasin/Desktop/car/data/IMG3/Image_1764695882651713.jpg,0.4
/home/yasin/Desktop/car/data/IMG3/Image_1764695882756729.jpg,0.4
/home/yasin/Desktop/car/data/IMG3/Image_1764695882884879.jpg,0.4
/home/yasin/Desktop/car/data/IMG3/Image_176469588298454.jpg,0.4
/home/yasin/Desktop/car/data/IMG3/Image_1764695883130279.jpg,0.4
/home/yasin/Desktop/car/data/IMG3/Image_17646958832239.jpg,0.4
/home/yasin/Desktop/car/data/IMG3/Image_1764695883342315.jpg,0.4
/home/yasin/Desktop/car/data/IMG3/Image_1764695883449265.jpg,0.4
/home/yasin/Desktop/car/data/IMG3/Image_1764695883578605.jpg,0.0
/home/yasin/Desktop/car/data/IMG3/Image_1764695883697699.jpg,0.0
/home/yasin/Desktop/car/data/IMG3/Image_1764695883802819.jpg,0.0
/home/yasin/Desktop/car/data/IMG3/Image_1764695883920986.jpg,0.0
/home/yasin/Desktop/car/data/IMG3/Image_1764695884033888.jpg,0.0
/home/yasin/Desktop/car/data/IMG3/Image_1764695884142635.jpg,0.0
/home/yasin/Desktop/car/data/IMG3/Image_1764695884282996.jpg,0.0
/home/yasin/Desktop/car/data/IMG3/Image_1764695884388725.jpg,0.0
/home/yasin/Desktop/car/data/IMG3/Image_1764695884503205.jpg,0.0
/home/yasin/Desktop/car/data/IMG3/Image_1764695884665381.jpg,0.0
/home/yasin/Desktop/car/data/IMG3/Image_1764695884771103.jpg,0.0
/home/yasin/Desktop/car/data/IMG3/Image_1764695884904924.jpg,0.0
/home/yasin/Desktop/car/data/IMG3/Image_176469588500863.jpg,0.0
/home/yasin/Desktop/car/data/IMG3/Image_1764695885121219.jpg,0.0
/home/yasin/Desktop/car/data/IMG3/Image_1764695900384297.jpg,0.0
/home/yasin/Desktop/car/data/IMG3/Image_1764695900474134.jpg,0.0
/home/yasin/Desktop/car/data/IMG3/Image_1764695900582757.jpg,0.0
/home/yasin/Desktop/car/data/IMG3/Image_1764695900682308.jpg,0.0
/home/yasin/Desktop/car/data/IMG3/Image_1764695900780652.jpg,0.0
/home/yasin/Desktop/car/data/IMG3/Image_1764695900905691.jpg,0.0
/home/yasin/Desktop/car/data/IMG3/Image_176469590103237.jpg,0.0
/home/yasin/Desktop/car/data/IMG3/Image_1764695901160285.jpg,0.0
/home/yasin/Desktop/car/data/IMG3/Image_1764695901277656.jpg,0.0
/home/yasin/Desktop/car/data/IMG3/Image_1764695901393017.jpg,0.0
/home/yasin/Desktop/car/data/IMG3/Image_1764695901488455.jpg,0.0
/home/yasin/Desktop/car/data/IMG3/Image_1764695901598504.jpg,0.0
/home/yasin/Desktop/car/data/IMG3/Image_1764695901707957.jpg,0.0
/home/yasin/Desktop/car/data/IMG3/Image_1764695901812066.jpg,0.0
/home/yasin/Desktop/car/data/IMG3/Image_1764695901927396.jpg,0.0
/home/yasin/Desktop/car/data/IMG3/Image_1764695902038393.jpg,-0.4
/home/yasin/Desktop/car/data/IMG3/Image_1764695902144539.jpg,-0.4
/home/yasin/Desktop/car/data/IMG3/Image_1764695902258196.jpg,-0.4
/home/yasin/Desktop/car/data/IMG3/Image_1764695902388798.jpg,0.0
/home/yasin/Desktop/car/data/IMG3/Image_1764695902530541.jpg,0.0
/home/yasin/Desktop/car/data/IMG3/Image_1764695902627629.jpg,0.0
/home/yasin/Desktop/car/data/IMG3/Image_1764695902728158.jpg,0.0
/home/yasin/Desktop/car/data/IMG3/Image_1764695902839621.jpg,0.0
/home/yasin/Desktop/car/data/IMG3/Image_1764695902992613.jpg,0.0
/home/yasin/Desktop/car/data/IMG3/Image_1764695903102981.jpg,0.0
/home/yasin/Desktop/car/data/IMG3/Image_1764695903209254.jpg,0.0
/home/yasin/Desktop/car/data/IMG3/Image_1764695903329462.jpg,0.0
/home/yasin/Desktop/car/data/IMG3/Image_1764695903453914.jpg,0.0
/home/yasin/Desktop/car/data/IMG3/Image_1764695903548021.jpg,0.0
/home/yasin/Desktop/car/data/IMG3/Image_1764695903649203.jpg,0.0
/home/yasin/Desktop/car/data/IMG3/Image_1764695903801761.jpg,0.0
/home/yasin/Desktop/car/data/IMG3/Image_1764695903931816.jpg,0.231
/home/yasin/Desktop/car/data/IMG3/Image_1764695904075919.jpg,0.4
/home/yasin/Desktop/car/data/IMG3/Image_1764695904203734.jpg,0.4
/home/yasin/Desktop/car/data/IMG3/Image_1764695904341393.jpg,0.4
/home/yasin/Desktop/car/data/IMG3/Image_1764695904460125.jpg,0.4
/home/yasin/Desktop/car/data/IMG3/Image_1764695904551225.jpg,0.4
/home/yasin/Desktop/car/data/IMG3/Image_1764695904676465.jpg,0.4
/home/yasin/Desktop/car/data/IMG3/Image_176469590479361.jpg,0.4
/home/yasin/Desktop/car/data/IMG3/Image_1764695904901535.jpg,0.4
/home/yasin/Desktop/car/data/IMG3/Image_1764695905027084.jpg,0.4
/home/yasin/Desktop/car/data/IMG3/Image_1764695905203721.jpg,0.0
/home/yasin/Desktop/car/data/IMG3/Image_1764695905319576.jpg,0.0
/home/yasin/Desktop/car/data/IMG3/Image_176469590549236.jpg,0.0
/home/yasin/Desktop/car/data/IMG3/Image_1764695905672421.jpg,0.0
/home/yasin/Desktop/car/data/IMG3/Image_1764695905795538.jpg,0.0
/home/yasin/Desktop/car/data/IMG3/Image_1764695905945411.jpg,0.0
/home/yasin/Desktop/car/data/IMG3/Image_1764695906043854.jpg,0.0
/home/yasin/Desktop/car/data/IMG3/Image_1764695906150799.jpg,0.0
/home/yasin/Desktop/car/data/IMG3/Image_176469590626175.jpg,0.0
/home/yasin/Desktop/car/data/IMG3/Image_1764695906350578.jpg,0.0
/home/yasin/Desktop/car/data/IMG3/Image_1764695906459922.jpg,0.0
/home/yasin/Desktop/car/data/IMG3/Image_1764695906573898.jpg,0.0
/home/yasin/Desktop/car/data/IMG3/Image_1764695906703643.jpg,0.0
/home/yasin/Desktop/car/data/IMG3/Image_1764695906835991.jpg,0.0
/home/yasin/Desktop/car/data/IMG3/Image_1764695906940352.jpg,0.0
/home/yasin/Desktop/car/data/IMG3/Image_1764695907051289.jpg,0.0
/home/yasin/Desktop/car/data/IMG3/Image_1764695907173525.jpg,0.0
/home/yasin/Desktop/car/data/IMG3/Image_1764695907273452.jpg,0.0
/home/yasin/Desktop/car/data/IMG3/Image_1764695907398603.jpg,0.0
/home/yasin/Desktop/car/data/IMG3/Image_1764695907554984.jpg,0.0
/home/yasin/Desktop/car/data/IMG3/Image_1764695907646974.jpg,0.0
/home/yasin/Desktop/car/data/IMG3/Image_1764695907749363.jpg,0.0
/home/yasin/Desktop/car/data/IMG3/Image_1764695964314763.jpg,0.0
/home/yasin/Desktop/car/data/IMG3/Image_1764695964397843.jpg,0.0
/home/yasin/Desktop/car/data/IMG3/Image_1764695964492656.jpg,0.0
/home/yasin/Desktop/car/data/IMG3/Image_1764695964572347.jpg,0.0
/home/yasin/Desktop/car/data/IMG3/Image_1764695964645628.jpg,0.0
/home/yasin/Desktop/car/data/IMG3/Image_1764695964736384.jpg,0.0
/home/yasin/Desktop/car/data/IMG3/Image_1764695964845532.jpg,0.0
/home/yasin/Desktop/car/data/IMG3/Image_1764695964946888.jpg,0.0
/home/yasin/Desktop/car/data/IMG3/Image_1764695965036823.jpg,0.0
/home/yasin/Desktop/car/data/IMG3/Image_1764695965157697.jpg,0.0
/home/yasin/Desktop/car/data/IMG3/Image_1764695965251567.jpg,0.0
/home/yasin/Desktop/car/data/IMG3/Image_1764695965389313.jpg,0.0
/home/yasin/Desktop/car/data/IMG3/Image_1764695965503328.jpg,0.0
/home/yasin/Desktop/car/data/IMG3/Image_1764695965618016.jpg,0.0
/home/yasin/Desktop/car/data/IMG3/Image_1764695965707392.jpg,0.0
/home/yasin/Desktop/car/data/IMG3/Image_176469596580261.jpg,0.0
/home/yasin/Desktop/car/data/IMG3/Image_1764695965910855.jpg,0.0
/home/yasin/Desktop/car/data/IMG3/Image_1764695966001343.jpg,0.0
/home/yasin/Desktop/car/data/IMG3/Image_1764695966091609.jpg,0.0
/home/yasin/Desktop/car/data/IMG3/Image_1764695966190873.jpg,0.0
/home/yasin/Desktop/car/data/IMG3/Image_1764695966286539.jpg,0.0
/home/yasin/Desktop/car/data/IMG3/Image_1764695966382595.jpg,0.0
/home/yasin/Desktop/car/data/IMG3/Image_1764695966500573.jpg,0.0
/home/yasin/Desktop/car/data/IMG3/Image_176469596659688.jpg,0.0
/home/yasin/Desktop/car/data/IMG3/Image_1764695966684965.jpg,0.0
/home/yasin/Desktop/car/data/IMG3/Image_1764695966802357.jpg,0.0
/home/yasin/Desktop/car/data/IMG3/Image_1764695966892085.jpg,0.0
/home/yasin/Desktop/car/data/IMG3/Image_1764695966999243.jpg,0.0
/home/yasin/Desktop/car/data/IMG3/Image_1764695967108504.jpg,0.0
/home/yasin/Desktop/car/data/IMG3/Image_1764695967211972.jpg,0.0
/home/yasin/Desktop/car/data/IMG3/Image_1764695967311563.jpg,0.0
/home/yasin/Desktop/car/data/IMG3/Image_1764695967395371.jpg,0.0
/home/yasin/Desktop/car/data/IMG3/Image_1764695967479528.jpg,0.0
/home/yasin/Desktop/car/data/IMG3/Image_1764695967607619.jpg,-0.4
/home/yasin/Desktop/car/data/IMG3/Image_1764695967693384.jpg,-0.4
/home/yasin/Desktop/car/data/IMG3/Image_1764695967816716.jpg,-0.4
/home/yasin/Desktop/car/data/IMG3/Image_1764695967910497.jpg,0.0
/home/yasin/Desktop/car/data/IMG3/Image_1764695967995206.jpg,0.4
/home/yasin/Desktop/car/data/IMG3/Image_176469596809519.jpg,0.4
/home/yasin/Desktop/car/data/IMG3/Image_1764695968196697.jpg,0.4
/home/yasin/Desktop/car/data/IMG3/Image_1764695968299853.jpg,0.4
/home/yasin/Desktop/car/data/IMG3/Image_1764695968394197.jpg,0.4
/home/yasin/Desktop/car/data/IMG3/Image_1764695968505408.jpg,0.4
/home/yasin/Desktop/car/data/IMG3/Image_1764695968609171.jpg,0.4
/home/yasin/Desktop/car/data/IMG3/Image_1764695968713282.jpg,0.4
/home/yasin/Desktop/car/data/IMG3/Image_1764695968813369.jpg,0.0
/home/yasin/Desktop/car/data/IMG3/Image_1764695968898576.jpg,0.0
/home/yasin/Desktop/car/data/IMG3/Image_17646959690088.jpg,0.0
/home/yasin/Desktop/car/data/IMG3/Image_1764695969101032.jpg,0.0
/home/yasin/Desktop/car/data/IMG3/Image_176469596918393.jpg,0.0
/home/yasin/Desktop/car/data/IMG3/Image_1764695969318019.jpg,0.0
/home/yasin/Desktop/car/data/IMG3/Image_1764695969411.jpg,0.0
/home/yasin/Desktop/car/data/IMG3/Image_1764695969518208.jpg,0.0
/home/yasin/Desktop/car/data/IMG3/Image_1764695969611316.jpg,0.0
/home/yasin/Desktop/car/data/IMG3/Image_1764695969737933.jpg,0.0
/home/yasin/Desktop/car/data/IMG3/Image_1764695969829735.jpg,0.0
/home/yasin/Desktop/car/data/IMG3/Image_1764695969913375.jpg,0.0
/home/yasin/Desktop/car/data/IMG3/Image_1764695970022577.jpg,-0.318
/home/yasin/Desktop/car/data/IMG3/Image_1764695970112639.jpg,-0.4
/home/yasin/Desktop/car/data/IMG3/Image_1764695970195716.jpg,-0.4
/home/yasin/Desktop/car/data/IMG3/Image_1764695970310856.jpg,-0.4
/home/yasin/Desktop/car/data/IMG3/Image_1764695970411368.jpg,-0.4
/home/yasin/Desktop/car/data/IMG3/Image_1764695970497111.jpg,-0.4
/home/yasin/Desktop/car/data/IMG3/Image_1764695970604527.jpg,-0.4
/home/yasin/Desktop/car/data/IMG3/Image_1764695970688451.jpg,-0.4
/home/yasin/Desktop/car/data/IMG3/Image_176469597078008.jpg,0.0
/home/yasin/Desktop/car/data/IMG3/Image_1764695970896846.jpg,0.4
/home/yasin/Desktop/car/data/IMG3/Image_1764695970990944.jpg,0.4
/home/yasin/Desktop/car/data/IMG3/Image_1764695971087308.jpg,0.4
/home/yasin/Desktop/car/data/IMG3/Image_1764695971187072.jpg,0.4
/home/yasin/Desktop/car/data/IMG3/Image_1764695971259611.jpg,0.0
/home/yasin/Desktop/car/data/IMG3/Image_176469597134574.jpg,0.0
/home/yasin/Desktop/car/data/IMG3/Image_1764695971439386.jpg,0.0
/home/yasin/Desktop/car/data/IMG3/Image_1764695971528787.jpg,0.0
/home/yasin/Desktop/car/data/IMG3/Image_1764695997908475.jpg,0.0
/home/yasin/Desktop/car/data/IMG3/Image_1764695998025221.jpg,0.0
/home/yasin/Desktop/car/data/IMG3/Image_176469599812021.jpg,0.0
/home/yasin/Desktop/car/data/IMG3/Image_1764695998231889.jpg,0.0
/home/yasin/Desktop/car/data/IMG3/Image_1764695998323652.jpg,0.0
/home/yasin/Desktop/car/data/IMG3/Image_1764695998427242.jpg,0.0
/home/yasin/Desktop/car/data/IMG3/Image_1764695998521411.jpg,-0.263
/home/yasin/Desktop/car/data/IMG3/Image_1764695998607555.jpg,-0.325
/home/yasin/Desktop/car/data/IMG3/Image_1764695998723702.jpg,-0.333
/home/yasin/Desktop/car/data/IMG3/Image_1764695998815856.jpg,-0.271
/home/yasin/Desktop/car/data/IMG3/Image_1764695998897036.jpg,-0.263
/home/yasin/Desktop/car/data/IMG3/Image_1764695998998601.jpg,-0.263
/home/yasin/Desktop/car/data/IMG3/Image_1764695999099757.jpg,-0.318
/home/yasin/Desktop/car/data/IMG3/Image_1764695999184284.jpg,-0.4
/home/yasin/Desktop/car/data/IMG3/Image_1764695999304749.jpg,-0.4
/home/yasin/Desktop/car/data/IMG3/Image_1764695999401541.jpg,-0.4
/home/yasin/Desktop/car/data/IMG3/Image_1764695999519845.jpg,-0.4
/home/yasin/Desktop/car/data/IMG3/Image_1764695999607836.jpg,-0.4
/home/yasin/Desktop/car/data/IMG3/Image_1764695999729126.jpg,-0.38
/home/yasin/Desktop/car/data/IMG3/Image_1764695999818582.jpg,0.4
/home/yasin/Desktop/car/data/IMG3/Image_1764695999918659.jpg,0.4
/home/yasin/Desktop/car/data/IMG3/Image_1764696000001925.jpg,0.4
/home/yasin/Desktop/car/data/IMG3/Image_1764696000082602.jpg,0.4
/home/yasin/Desktop/car/data/IMG3/Image_1764696000190921.jpg,0.4
/home/yasin/Desktop/car/data/IMG3/Image_1764696000282082.jpg,0.4
/home/yasin/Desktop/car/data/IMG3/Image_1764696000362924.jpg,0.4
/home/yasin/Desktop/car/data/IMG3/Image_1764696000470951.jpg,0.4
/home/yasin/Desktop/car/data/IMG3/Image_176469600055821.jpg,0.0
/home/yasin/Desktop/car/data/IMG3/Image_1764696000653148.jpg,0.0
/home/yasin/Desktop/car/data/IMG3/Image_176469600075048.jpg,0.0
/home/yasin/Desktop/car/data/IMG3/Image_1764696000855473.jpg,0.0
/home/yasin/Desktop/car/data/IMG3/Image_1764696000949287.jpg,0.0
/home/yasin/Desktop/car/data/IMG3/Image_1764696001043963.jpg,0.0
/home/yasin/Desktop/car/data/IMG3/Image_1764696001127918.jpg,0.0
/home/yasin/Desktop/car/data/IMG3/Image_1764696001227597.jpg,0.0
/home/yasin/Desktop/car/data/IMG3/Image_1764696001314076.jpg,0.0
/home/yasin/Desktop/car/data/IMG3/Image_1764696001403737.jpg,0.0
/home/yasin/Desktop/car/data/IMG3/Image_1764696001484928.jpg,0.0
/home/yasin/Desktop/car/data/IMG3/Image_1764696001589416.jpg,0.4
/home/yasin/Desktop/car/data/IMG3/Image_176469600169109.jpg,0.4
/home/yasin/Desktop/car/data/IMG3/Image_1764696001800202.jpg,0.4
/home/yasin/Desktop/car/data/IMG3/Image_1764696001901173.jpg,0.4
/home/yasin/Desktop/car/data/IMG3/Image_1764696001986899.jpg,0.4
/home/yasin/Desktop/car/data/IMG3/Image_1764696002075161.jpg,0.4
/home/yasin/Desktop/car/data/IMG3/Image_1764696002163385.jpg,0.0
/home/yasin/Desktop/car/data/IMG3/Image_1764696002239926.jpg,0.0
/home/yasin/Desktop/car/data/IMG3/Image_1764696002326922.jpg,0.0
/home/yasin/Desktop/car/data/IMG3/Image_1764696002405671.jpg,0.0
/home/yasin/Desktop/car/data/IMG3/Image_1764696002496172.jpg,0.0
/home/yasin/Desktop/car/data/IMG3/Image_1764696002584636.jpg,0.0
/home/yasin/Desktop/car/data/IMG3/Image_1764696002705983.jpg,0.0
/home/yasin/Desktop/car/data/IMG3/Image_1764696002798303.jpg,0.0
/home/yasin/Desktop/car/data/IMG3/Image_1764696002886151.jpg,0.0
/home/yasin/Desktop/car/data/IMG3/Image_176469600301123.jpg,0.0
/home/yasin/Desktop/car/data/IMG3/Image_1764696003103734.jpg,0.0
/home/yasin/Desktop/car/data/IMG3/Image_1764696003216129.jpg,0.0
/home/yasin/Desktop/car/data/IMG3/Image_176469600330795.jpg,0.0
/home/yasin/Desktop/car/data/IMG3/Image_1764696003426986.jpg,0.0
/home/yasin/Desktop/car/data/IMG3/Image_1764696003519651.jpg,0.0
/home/yasin/Desktop/car/data/IMG3/Image_1764696003601975.jpg,0.0
/home/yasin/Desktop/car/data/IMG3/Image_17646960036848.jpg,0.0
/home/yasin/Desktop/car/data/IMG3/Image_1764696003790091.jpg,0.0
/home/yasin/Desktop/car/data/IMG3/Image_176469600388375.jpg,0.0
/home/yasin/Desktop/car/data/IMG3/Image_1764696003970724.jpg,0.0
/home/yasin/Desktop/car/data/IMG3/Image_1764696004066409.jpg,0.0
/home/yasin/Desktop/car/data/IMG3/Image_1764696004160289.jpg,0.0
/home/yasin/Desktop/car/data/IMG3/Image_1764696004284508.jpg,0.0
/home/yasin/Desktop/car/data/IMG3/Image_1764696004379312.jpg,0.0
/home/yasin/Desktop/car/data/IMG3/Image_176469600446548.jpg,0.4
/home/yasin/Desktop/car/data/IMG3/Image_1764696004580774.jpg,0.4
/home/yasin/Desktop/car/data/IMG3/Image_1764696004670911.jpg,0.4
/home/yasin/Desktop/car/data/IMG3/Image_1764696004741179.jpg,0.0
/home/yasin/Desktop/car/data/IMG3/Image_1764696004826852.jpg,0.0
/home/yasin/Desktop/car/data/IMG3/Image_1764696004914514.jpg,0.0
/home/yasin/Desktop/car/data/IMG3/Image_1764696005001847.jpg,0.0
/home/yasin/Desktop/car/data/IMG3/Image_17646960050996.jpg,0.0
/home/yasin/Desktop/car/data/IMG3/Image_1764696011612751.jpg,0.0
/home/yasin/Desktop/car/data/IMG3/Image_1764696011695512.jpg,0.0
/home/yasin/Desktop/car/data/IMG3/Image_1764696011790254.jpg,0.0
/home/yasin/Desktop/car/data/IMG3/Image_1764696011874544.jpg,0.0
/home/yasin/Desktop/car/data/IMG3/Image_1764696011962633.jpg,0.0
/home/yasin/Desktop/car/data/IMG3/Image_1764696012040321.jpg,0.0
/home/yasin/Desktop/car/data/IMG3/Image_1764696012126028.jpg,0.0
/home/yasin/Desktop/car/data/IMG3/Image_1764696012211559.jpg,0.0
/home/yasin/Desktop/car/data/IMG3/Image_1764696012324217.jpg,0.0
/home/yasin/Desktop/car/data/IMG3/Image_176469601241764.jpg,0.0
/home/yasin/Desktop/car/data/IMG3/Image_1764696012500025.jpg,0.0
/home/yasin/Desktop/car/data/IMG3/Image_1764696012598824.jpg,0.4
/home/yasin/Desktop/car/data/IMG3/Image_176469601270362.jpg,0.4
/home/yasin/Desktop/car/data/IMG3/Image_1764696012818303.jpg,0.4
/home/yasin/Desktop/car/data/IMG3/Image_176469601292264.jpg,0.0
/home/yasin/Desktop/car/data/IMG3/Image_1764696013003768.jpg,0.0
/home/yasin/Desktop/car/data/IMG3/Image_1764696013083718.jpg,0.0
/home/yasin/Desktop/car/data/IMG3/Image_1764696013203904.jpg,-0.4
/home/yasin/Desktop/car/data/IMG3/Image_1764696013293141.jpg,-0.4
/home/yasin/Desktop/car/data/IMG3/Image_1764696013403247.jpg,-0.4
/home/yasin/Desktop/car/data/IMG3/Image_1764696013502558.jpg,-0.4
/home/yasin/Desktop/car/data/IMG3/Image_1764696013600411.jpg,-0.4
/home/yasin/Desktop/car/data/IMG3/Image_1764696013676676.jpg,0.0
/home/yasin/Desktop/car/data/IMG3/Image_1764696013774353.jpg,0.0
/home/yasin/Desktop/car/data/IMG3/Image_1764696013874158.jpg,0.4
/home/yasin/Desktop/car/data/IMG3/Image_1764696013968149.jpg,0.4
/home/yasin/Desktop/car/data/IMG3/Image_1764696014049441.jpg,0.4
/home/yasin/Desktop/car/data/IMG3/Image_1764696014129779.jpg,0.4
/home/yasin/Desktop/car/data/IMG3/Image_1764696014200304.jpg,0.0
/home/yasin/Desktop/car/data/IMG3/Image_1764696014284002.jpg,0.0
/home/yasin/Desktop/car/data/IMG3/Image_1764696014373897.jpg,0.0
/home/yasin/Desktop/car/data/IMG3/Image_1764696014458391.jpg,0.0
/home/yasin/Desktop/car/data/IMG3/Image_1764696014570961.jpg,0.0
/home/yasin/Desktop/car/data/IMG3/Image_1764696014666783.jpg,0.0
/home/yasin/Desktop/car/data/IMG3/Image_1764696014794406.jpg,0.0
/home/yasin/Desktop/car/data/IMG3/Image_176469601487985.jpg,0.0
/home/yasin/Desktop/car/data/IMG3/Image_1764696014966252.jpg,0.0
/home/yasin/Desktop/car/data/IMG3/Image_176469601508336.jpg,0.0
/home/yasin/Desktop/car/data/IMG3/Image_1764696015164792.jpg,0.0
/home/yasin/Desktop/car/data/IMG3/Image_1764696015250218.jpg,0.0
/home/yasin/Desktop/car/data/IMG3/Image_1764696015332825.jpg,0.0
/home/yasin/Desktop/car/data/IMG3/Image_1764696015437744.jpg,0.0
/home/yasin/Desktop/car/data/IMG3/Image_176469601552098.jpg,0.0
/home/yasin/Desktop/car/data/IMG3/Image_1764696015610436.jpg,0.0
/home/yasin/Desktop/car/data/IMG3/Image_1764696015697316.jpg,0.0
/home/yasin/Desktop/car/data/IMG3/Image_1764696015802409.jpg,0.0
/home/yasin/Desktop/car/data/IMG3/Image_1764696015888807.jpg,0.0
/home/yasin/Desktop/car/data/IMG3/Image_1764696015972635.jpg,0.0
/home/yasin/Desktop/car/data/IMG3/Image_1764696016084913.jpg,0.0
/home/yasin/Desktop/car/data/IMG3/Image_1764696016194821.jpg,0.0
/home/yasin/Desktop/car/data/IMG3/Image_1764696016303108.jpg,0.0
/home/yasin/Desktop/car/data/IMG3/Image_1764696016392204.jpg,0.0
/home/yasin/Desktop/car/data/IMG3/Image_176469601647664.jpg,0.4
/home/yasin/Desktop/car/data/IMG3/Image_1764696016582722.jpg,0.4
/home/yasin/Desktop/car/data/IMG3/Image_1764696016672991.jpg,0.4
/home/yasin/Desktop/car/data/IMG3/Image_1764696016754424.jpg,0.4
/home/yasin/Desktop/car/data/IMG3/Image_1764696016870447.jpg,0.4
/home/yasin/Desktop/car/data/IMG3/Image_1764696016962569.jpg,0.4
/home/yasin/Desktop/car/data/IMG3/Image_1764696017050918.jpg,0.4
/home/yasin/Desktop/car/data/IMG3/Image_1764696017157258.jpg,0.4
/home/yasin/Desktop/car/data/IMG3/Image_1764696017254191.jpg,0.4
/home/yasin/Desktop/car/data/IMG3/Image_1764696017343302.jpg,0.4
/home/yasin/Desktop/car/data/IMG3/Image_1764696017454161.jpg,0.4
/home/yasin/Desktop/car/data/IMG3/Image_176469601753182.jpg,0.0
/home/yasin/Desktop/car/data/IMG3/Image_1764696017609334.jpg,0.0
/home/yasin/Desktop/car/data/IMG3/Image_1764696017682674.jpg,0.0
/home/yasin/Desktop/car/data/IMG3/Image_176469601776279.jpg,0.0
/home/yasin/Desktop/car/data/IMG3/Image_176469601784321.jpg,0.0
/home/yasin/Desktop/car/data/IMG3/Image_1764696017921299.jpg,0.0
/home/yasin/Desktop/car/data/IMG3/Image_1764696018030578.jpg,0.0
/home/yasin/Desktop/car/data/IMG3/Image_1764696018121674.jpg,0.0
/home/yasin/Desktop/car/data/IMG3/Image_1764696018229828.jpg,0.0
/home/yasin/Desktop/car/data/IMG3/Image_1764696018324088.jpg,-0.255
/home/yasin/Desktop/car/data/IMG3/Image_1764696018411009.jpg,-0.247
/home/yasin/Desktop/car/data/IMG3/Image_1764696018521778.jpg,-0.2
/home/yasin/Desktop/car/data/IMG3/Image_1764696018613177.jpg,0.0
/home/yasin/Desktop/car/data/IMG3/Image_1764696018698791.jpg,0.0
/home/yasin/Desktop/car/data/IMG3/Image_176469601880555.jpg,0.0
/home/yasin/Desktop/car/data/IMG3/Image_1764696018892477.jpg,0.0
/home/yasin/Desktop/car/data/IMG3/Image_1764696018975663.jpg,0.0
/home/yasin/Desktop/car/data/IMG3/Image_1764696019082683.jpg,0.0
/home/yasin/Desktop/car/data/IMG3/Image_1764696019187884.jpg,0.0
/home/yasin/Desktop/car/data/IMG3/Image_1764696019272297.jpg,0.0
/home/yasin/Desktop/car/data/IMG3/Image_1764696019387837.jpg,0.0
/home/yasin/Desktop/car/data/IMG3/Image_1764696019481842.jpg,-0.208
/home/yasin/Desktop/car/data/IMG3/Image_1764696019568532.jpg,0.0
/home/yasin/Desktop/car/data/IMG3/Image_1764696019645006.jpg,0.0
/home/yasin/Desktop/car/data/IMG3/Image_1764696019725724.jpg,0.0
/home/yasin/Desktop/car/data/IMG3/Image_176469601980087.jpg,0.0
/home/yasin/Desktop/car/data/IMG3/Image_1764696019881563.jpg,0.0
